,ID,Group,Feature_1,Feature_2,Feature_3
0,ID503,A,2312.339528068336,395.8891221003454,4962.70126077675
1,ID438,B,2474.4747711218315,400.9827881619905,4954.030840576976
2,ID797,A,2925.837140013788,396.9855839124442,6781.374794424284
3,ID194,B,2265.8670754115537,397.1161351036437,4528.283354341638
4,ID377,C,2456.506482026957,394.9582046686559,-2056.271533056688
5,ID689,C,2719.856853054115,399.81175120835434,-2321.324199140682
6,ID992,A,2760.3796525786793,382.99432541439666,6379.086768140484
7,ID118,A,2658.4196629430194,388.05724774087435,6015.092776520063
8,ID719,C,2578.0322603613527,410.31400881940954,-2180.5935652864478
9,ID732,B,2589.7246718301026,424.7053480937514,5176.4174084275555
10,ID480,B,2595.930129294688,405.6787479966605,5190.1090522654995
11,ID903,A,2820.19739212902,395.69781241189196,6490.558637254167
12,ID187,C,2588.1251038447986,384.7307967402919,-2201.975953754455
13,ID256,C,2499.7415438842218,387.40529142731384,-2117.335877613875
14,ID973,A,2734.8533154604256,393.3118420075555,6229.660937944694
15,ID169,B,2441.22850866552,389.1922528305531,4890.15322688974
16,ID793,A,2731.4467774973186,399.2619002589335,6175.7056525132575
17,ID842,B,3025.4860559395097,413.41190742365023,6043.968589875197
18,ID621,B,2448.80709286417,410.04296266733985,4888.714506039403
19,ID442,C,2652.935528163937,402.54691181322465,-2258.1132060452965
20,ID733,A,2574.3181661838826,422.11157700985774,5598.143967187619
21,ID696,C,2107.0518291787507,410.5277149894547,-1705.8492274412629
22,ID271,A,2511.8688458649576,416.50243702199776,5428.943895484722
23,ID170,B,2312.9651717557226,409.2373385704969,4624.449705542207
24,ID747,A,2504.597106756263,408.64023374603477,5476.558477430091
25,ID164,A,2732.02765288728,409.4056517830982,6147.6605934612535
26,ID656,B,2293.7486905280016,400.40382080897064,4587.10737244308
27,ID308,B,2924.919201968642,389.18319445867354,5843.102439382901
28,ID486,B,2529.427107369356,407.95534769492144,5059.1386369921365
29,ID760,B,2643.7821421696062,406.3229826458092,5290.1297619286215
30,ID471,A,2993.3991093572727,398.91553038707787,6965.62990599737
31,ID417,A,2485.2847467972338,428.4214624396992,5313.777292047787
32,ID435,C,2343.954547343261,411.2150964192053,-1916.3714798181259
33,ID910,B,3068.068055845544,401.91593847865056,6118.855783427319
34,ID860,C,2780.211115631898,424.9224018657784,-2341.164039803894
35,ID759,B,2371.618819443189,397.9461385529002,4751.955835419408
36,ID845,C,2377.2727530751395,399.39705073722627,-1973.045337448515
37,ID617,B,2452.1421630814166,403.2652789323767,4923.478552774829
38,ID427,C,2685.6421016016143,392.22474829781413,-2324.233077736211
39,ID792,B,2413.2446628937805,388.91413567677944,4821.610704752154
40,ID201,C,2106.8765572204775,413.7439521620475,-1684.0872103138988
41,ID643,B,2162.7642198269023,421.7929716852185,4330.111067987314
42,ID807,A,2394.95458940633,414.43184510807134,5105.857717490519
43,ID745,C,2773.16604353458,373.41764182444587,-2395.0840807392256
44,ID980,A,2286.6263753967037,395.1644472711409,4910.291281412042
45,ID459,A,1741.0348397476328,417.22670487408556,3105.9806832787262
46,ID769,A,2557.390515442326,385.43189983071306,5755.455935220064
47,ID577,B,2674.194417799965,402.79627024920273,5358.605142499676
48,ID782,C,2867.502373721245,419.06847639809587,-2434.5437668261357
49,ID588,B,2593.4155959874533,422.52966919353435,5186.512853800357
50,ID301,C,2937.5834056845606,412.92120965011696,-2532.039356609001
51,ID240,B,2087.862284245236,369.58069958401285,4192.269272358564
52,ID909,A,2747.6310682774183,399.0041718876136,6256.692751064423
53,ID824,B,2421.888424892528,393.3665884687051,4846.122381237757
54,ID162,B,2238.8136005668725,401.34822275821875,4472.706716498149
55,ID867,A,2181.6427330115343,400.3852935883996,4568.496758161663
56,ID497,A,2974.5582458327954,398.1083679243498,6938.7074357446845
57,ID779,B,2300.1044586932735,390.9159721054526,4611.953753334954
58,ID873,A,2516.6109110982684,394.15250581014806,5592.616380408967
59,ID671,A,3148.5642293530873,434.2816869894037,7270.578750955206
60,ID455,B,2369.7755547759843,413.3937111738459,4736.392975146422
61,ID767,A,2718.246554588075,384.9404783581058,6240.4286959336505
62,ID328,B,2957.8284638036716,389.0879913001404,5920.201891786382
63,ID469,B,2291.489501135296,411.79272832204856,4584.701546882781
64,ID443,B,2696.0205761247125,411.4552875199543,5388.36286181321
65,ID606,B,2235.8222359296433,415.6074960714749,4491.7512276382795
66,ID543,C,1739.1766088989575,405.170919603546,-1355.084278599251
67,ID878,C,2872.025047667621,407.27603732111163,-2460.306466529434
68,ID723,A,2175.6910162089075,412.6112525217447,4494.964174156757
69,ID151,C,2485.729996470581,385.28864927416527,-2093.3145788871134
70,ID419,C,3005.872315648752,395.0153987103315,-2602.9002225466365
71,ID802,B,2827.4984589872925,412.19892985992965,5659.9458486575695
72,ID803,A,2333.273468307673,396.0028578153295,5018.468735586168
73,ID411,B,2709.684480907641,402.87366459028715,5443.4582061420015
74,ID366,A,2394.334403007328,424.26138133096924,5061.700044304811
75,ID555,C,2272.2457038619873,402.24700551001314,-1860.284525550997
76,ID820,C,2608.0872588936472,404.84173999170105,-2208.1198100084334
77,ID936,C,2606.7854170536766,397.5705035164043,-2200.2015349684207
78,ID755,B,2221.2160563053044,386.59271696640144,4433.999996698417
79,ID237,B,2187.209847885158,403.0035938260163,4357.698540316562
80,ID544,A,1919.3436524159845,374.0787617181304,3888.5831242892223
81,ID632,A,2869.2187129655067,424.0573805028922,6507.009674060089
82,ID520,B,2829.1747519677847,396.11254686465855,5663.890149981082
83,ID941,C,2556.272542227518,405.6399979746456,-2152.0315754346275
84,ID244,A,3138.308007126775,405.35102046812335,7376.626926298701
85,ID540,B,2574.1162411041246,392.04922612168656,5143.876080253351
86,ID813,B,2295.7132534271277,399.1133142919617,4603.922554304448
87,ID207,A,2109.5033912237695,420.0024593084303,4226.115161226177
88,ID125,A,2285.1671234499613,378.0388771253486,4977.49683815241
89,ID542,B,2755.5363452582574,381.7671521698508,5515.957709276158
90,ID132,A,2626.319541298571,391.07414636050356,5936.80657123043
91,ID710,B,2443.6095873991208,365.5519636064358,4879.062622945157
92,ID554,B,2026.4655958176008,407.2528577000035,4047.701126115066
93,ID466,B,2251.8833373746884,374.7867239249596,4509.718266435016
94,ID651,B,2717.0719265262514,385.1740098977679,5439.2418693246545
95,ID891,C,2544.2019090694985,388.2200587245156,-2141.3508874348518
96,ID572,C,2152.719034945608,390.4349918823204,-1767.905677084279
97,ID265,A,1856.5409637344958,395.4362706975362,3586.355697533065
98,ID508,A,2293.169054736455,400.0611340080047,4877.231993873494
99,ID323,B,2673.072791633006,421.6428584680703,5344.428675381937
100,ID421,A,2845.1065946527337,383.7174075516069,6614.1246074872915
101,ID433,C,2360.8473150352306,424.7890918097495,-1931.023935635388
102,ID902,B,2057.5922943085293,398.00735716833907,4114.818728847223
103,ID310,B,2087.799897752354,413.43924779578384,4181.652215390869
104,ID161,C,2498.468062205823,389.6719271364111,-2150.9039650396394
105,ID892,A,2144.797686402592,414.593968695449,4359.738255750373
106,ID889,C,2260.2701524368604,396.3658040326594,-1868.1501824214133
107,ID900,B,2623.2341706784327,369.81515339981826,5253.321946127481
108,ID523,C,2167.1787882583476,424.89532681310936,-1755.8295667277623
109,ID228,C,2889.3943455825383,404.7918558102078,-2474.0884772277527
110,ID494,A,2011.3422132213327,385.6015536802863,4108.727280450628
111,ID330,B,1880.8533611903101,357.09752537695476,3748.8662971905187
112,ID337,C,2797.487924409109,388.6572959605676,-2404.2484757994007
113,ID148,C,2518.830583644833,403.3194592383715,-2116.088875255037
114,ID165,B,2590.9766205826986,390.11449347791495,5179.219774845856
115,ID133,A,2041.6369938754542,419.35305121811876,4030.905760046869
116,ID591,A,2415.4751310460424,414.1588554672542,5178.985745519555
117,ID418,B,2279.4875857783704,394.6207437422577,4565.467313032178
118,ID110,A,2790.233041660951,396.6767457218859,6381.983909338153
119,ID772,A,2640.221535708401,387.4684990660496,5978.147977237253
120,ID268,C,2432.950463432482,409.40713921805576,-2020.4673718740396
121,ID363,C,2541.8112823633173,407.5873316801184,-2136.2674787161086
122,ID852,A,2526.5439747008018,434.088214086114,5409.760696286433
123,ID718,B,2559.2165468529365,413.7679818119356,5119.2539454118905
124,ID315,C,2573.3274910446994,409.71444553315223,-2148.631748124135
125,ID821,A,2642.270442271354,400.3000976922842,5951.358348586442
126,ID911,A,2055.2630777174904,399.33999610023176,4168.977896407783
127,ID707,B,2564.945743198639,402.2903007222819,5136.322213004385
128,ID111,C,2360.667026500276,407.41146802675155,-1951.40924283422
129,ID585,B,2565.8951218490142,408.01853374412406,5125.615812263616
130,ID857,C,2630.9811385759326,374.9629686346916,-2234.4101606953673
131,ID333,A,2031.2234740555186,400.64274495297025,4089.212449951198
132,ID843,A,2307.7420515987255,370.37452060878445,5046.638725684168
133,ID925,B,2001.5326658886463,387.68463519231796,3997.4784323588738
134,ID556,B,2319.4074320914197,402.3254774565234,4628.056413274193
135,ID737,A,2860.512418845109,385.63704887271007,6681.751084045259
136,ID642,A,2271.3785015764843,395.4433710362452,4844.172773289731
137,ID666,A,2436.2684192542456,402.0290067245162,5306.659045952205
138,ID789,A,2820.0401394231612,386.0735396418806,6522.82583895558
139,ID199,A,2120.872907334782,409.9752627685675,4316.182224828718
140,ID478,B,2358.0487237682064,386.2342489000241,4718.678793075784
141,ID984,A,2518.3279149783903,384.30552174547836,5633.486753953033
142,ID413,B,2143.618900240389,385.2286703139058,4275.785423901743
143,ID612,C,2283.115364332065,412.3529558011238,-1880.3474359329837
144,ID425,A,2275.4552069017254,395.32543970254216,4867.461098866286
145,ID686,B,2219.4292138376986,393.7134685184472,4440.295978701154
146,ID101,A,2125.086175770137,387.3392911474585,4442.316089966523
147,ID359,A,2287.9000102121736,410.72769827285435,4800.539462607366
148,ID985,C,3003.9100615294838,396.43800335250717,-2614.1045668955917
149,ID806,C,2003.2216738113143,414.86297727964734,-1603.0897736556294
150,ID524,C,1958.0177347937515,398.06998334364886,-1574.0974961174998
151,ID106,A,2337.123184514142,384.3859818668681,5099.748253578533
152,ID665,A,2435.2968376339204,410.5724275238553,5268.595305391793
153,ID950,B,2654.290258818696,400.5211880526927,5310.942115647009
154,ID986,A,2504.8661723350338,373.87747565225436,5626.585682969409
155,ID753,B,2079.236453572231,414.92047945950765,4151.2420728209045
156,ID700,A,2481.2047427936463,399.4199240422259,5443.54252491666
157,ID963,B,2566.946176034089,407.7080701606455,5137.906099442561
158,ID667,B,2126.353950631596,407.516279774918,4238.432310842192
159,ID946,A,2125.360366707555,404.8433313885623,4346.724959034586
160,ID300,B,2583.6574922685454,391.99929404911813,5164.904193193844
161,ID121,B,2619.5656054786414,441.64811619484914,5223.938082362713
162,ID988,A,2862.3086670150487,406.20538218077763,6556.727217987237
163,ID740,A,2416.8535142316077,419.479461490143,5144.204970829211
164,ID827,A,1621.6691477568513,440.49057454483517,2654.610288861674
165,ID447,A,2142.8975719443097,378.81197486754223,4534.222044523045
166,ID832,B,2824.3223872202843,362.80320893974664,5630.848673186094
167,ID678,C,2537.0717030324085,386.2319801573431,-2167.943777635647
168,ID894,A,2377.9660415007797,404.6600600656292,5118.578980997992
169,ID136,C,2162.526946141406,392.00328118089897,-1775.277383735309
170,ID983,C,2485.7266879103317,409.3099649982777,-2071.4579732707243
171,ID844,C,2062.1873296822682,408.8063073576552,-1644.165098509875
172,ID597,A,2667.8180031292923,400.5780023705012,6006.270137947528
173,ID926,B,2665.8640524314833,410.3553694960877,5334.397395316875
174,ID123,B,2932.4767388289292,397.5173007093628,5868.317066124517
175,ID672,C,2166.555187556426,403.02574565274784,-1756.0977427738205
176,ID743,B,2357.5567680627273,422.4107154235537,4734.190207128602
177,ID489,B,2827.7607068636903,386.0888322350631,5642.46936146482
178,ID353,B,1938.0769786263907,386.92914681940516,3866.2766733406456
179,ID450,C,2696.9884982920835,379.268030909209,-2302.459151861897
180,ID319,C,2688.701475619459,376.5650356969034,-2344.0713490246244
181,ID858,B,1948.9818504900654,405.40144012389226,3881.1950548322934
182,ID561,B,2900.095420664603,389.1615311980209,5772.2224241857175
183,ID280,B,3003.74496680279,406.31601881222434,6010.983411018123
184,ID800,B,2381.1605861972093,368.89243182466055,4753.284128942418
185,ID928,B,2434.7725758912343,430.6300958314366,4892.201245316967
186,ID836,C,2500.9935491072565,409.16457608423764,-2088.72479759633
187,ID290,C,2981.3663966308736,423.82340507539726,-2558.2037419071517
188,ID634,A,3274.5038768926106,410.07624427906694,7770.2222994495305
189,ID560,C,2435.045590579988,407.8706570678631,-2027.4818171546392
190,ID153,C,2615.7850934928147,382.0914361411724,-2241.3568637512085
191,ID937,C,3057.2382491629937,396.3752402700738,-2653.7398278970454
192,ID764,B,2706.6333685447194,402.9673702028078,5431.03521983367
193,ID744,B,2491.437072001661,391.70141364824246,4998.311919499631
194,ID259,A,2360.8754842342787,385.0790030420666,5161.105704854742
195,ID368,A,2279.113853792436,415.8450182046268,4761.931120753066
196,ID907,B,2722.1511707251757,405.2424328374616,5431.318393831478
197,ID499,B,2577.7294958753923,386.2254499594144,5144.313697156838
198,ID120,C,2412.490082619962,381.93804416957084,-2051.231036413364
199,ID150,C,2716.4032471570927,405.8255346579275,-2323.4395560949793
200,ID616,A,2629.4186780781,404.75028014857,5857.746181845784
201,ID929,A,2325.248145709234,382.59978157280875,5056.743545970063
202,ID356,C,2508.0208984220944,386.90171532636873,-2108.714953728036
203,ID913,A,2298.526036226888,390.4775038185442,4944.151638771987
204,ID532,A,2638.1161887991284,405.0905265666927,5901.174982631854
205,ID987,B,2905.9850307639176,403.54098954053563,5824.399600745326
206,ID456,A,2622.1919155146297,391.5996748049118,5897.330627431544
207,ID639,A,2736.1375973185354,398.3192785388718,6194.456810027734
208,ID586,B,2688.8075043585523,379.7576991711699,5384.345200534357
209,ID375,C,2932.942078151775,404.72496945252243,-2534.3796969533796
210,ID757,A,2389.8270056820934,404.6271381236158,5150.5067938061375
211,ID426,A,1938.0691574286461,414.2458155777899,3739.7092438996438
212,ID603,C,2739.4291160481566,395.8382030650895,-2348.9152584012327
213,ID957,A,2238.1253087260375,417.42124661851744,4618.318866434906
214,ID313,A,2731.5961887537196,381.5634281401349,6307.467577397169
215,ID124,A,2401.444385516699,398.51487771723015,5175.197315806624
216,ID163,C,2543.1659533533107,391.5117665065893,-2151.863278050843
217,ID223,A,2784.0011591958078,427.43402784803357,6223.8028379072675
218,ID876,A,2951.187327400555,421.96858731669676,6725.777340212061
219,ID622,C,2493.277535326673,384.56716263878303,-2102.9287060600536
220,ID893,B,2833.651221556716,396.2560164845893,5656.983372028095
221,ID500,C,2157.1551515363053,411.82406251585263,-1749.848051797369
222,ID794,B,2819.1614869407076,413.30861783918755,5614.050996010446
223,ID969,C,2202.260714807107,404.0098620644864,-1807.7315654143058
224,ID849,C,2681.8736319865384,389.18625964343926,-2296.175249413672
225,ID640,A,2660.621755678516,413.7383456172335,5926.282860475106
226,ID322,C,1971.5119063846087,378.65498524160756,-1622.426853798971
227,ID862,C,3037.0658850955433,389.25672055340465,-2649.1173457746186
228,ID626,B,2663.3490277840115,417.1012870589592,5318.386623120406
229,ID154,C,2118.6334028008537,387.5570839337104,-1734.9436023916196
230,ID788,C,2799.079121751133,410.8247710479796,-2393.651199164764
231,ID958,B,2139.267887989611,435.0172558024857,4272.063966003262
232,ID687,B,2342.571552033983,402.1816021513167,4689.766939730559
233,ID771,A,2452.407428581062,403.9489331259447,5334.414525456192
234,ID662,A,2382.736814803427,420.3368551489971,5034.292623575712
235,ID641,A,2249.1458586643735,381.7869062064867,4835.24713675429
236,ID785,C,3115.275843360423,395.86473370337023,-2732.945685491609
237,ID266,B,2357.3535120509227,382.4659414257572,4725.148175629836
238,ID289,B,2591.284852454619,396.39157350977655,5175.159488827086
239,ID462,C,2319.095845064308,396.8546975188632,-1926.8598320468334
240,ID817,B,2801.1421141396672,415.3910410008598,5597.567172306477
241,ID541,B,2308.627660835108,421.5306802517403,4619.232714304905
242,ID763,C,2301.2338121041744,423.12402645810926,-1881.9276577581238
243,ID134,A,2885.8705973838883,393.80457956340905,6689.533196526868
244,ID131,B,2538.3103508634567,397.95242516014235,5059.4192615502225
245,ID195,C,2664.2501718603958,397.2058465104188,-2247.8329619349215
246,ID512,B,2523.2281047821853,416.2439912335643,5052.808671352768
247,ID514,C,2145.707073610979,405.7312381035232,-1737.6316036301191
248,ID923,C,2316.027531162743,374.81470875778444,-1935.1100884848584
249,ID451,B,2734.8110517051396,410.06136870151266,5462.625890167285
250,ID216,B,2410.8639209498624,399.1210382472074,4827.620607386528
251,ID446,C,2410.828075405408,377.4361406376495,-2047.1368004125359
252,ID613,A,3165.37986581905,399.253462850608,7492.522698828205
253,ID654,A,2484.6568115020054,407.414639561608,5417.074445302357
254,ID609,B,2207.313908339701,384.7906891004977,4392.000706524486
255,ID305,C,2300.039147766359,406.4452501349916,-1905.777153109877
256,ID282,A,2091.7502982048018,393.73071856125944,4314.016838294268
257,ID285,B,2594.2207821038164,386.8417675819658,5190.5330770353685
258,ID511,C,2417.919192494941,402.98552461734255,-2040.4189510120234
259,ID675,A,2243.831474503974,403.36188661821166,4721.428679962724
260,ID257,B,3167.28952566305,374.51822060074056,6341.858180790884
261,ID959,A,2921.000006111603,410.51606951482484,6707.787037804275
262,ID628,A,2941.677929568925,398.00358597766683,6819.168678886643
263,ID804,A,2636.7632540262684,382.33981075610524,5998.010389472843
264,ID142,B,2515.34989157615,408.63181076889555,5038.238601223128
265,ID495,B,2393.5926735934618,397.35304574470416,4794.827382214593
266,ID652,A,2343.460135996574,372.861877260141,5161.270263720644
267,ID210,B,2722.8714904876506,378.9013204606689,5433.878273258485
268,ID392,B,2388.360240710897,401.0736314030599,4780.305333325347
269,ID691,A,3048.403466233365,380.32292787128745,7233.8058730886905
270,ID270,A,2368.5112761301057,404.61637998968484,5065.141419105309
271,ID188,A,2098.3064915353843,394.9489577977367,4311.930587144193
272,ID805,A,2264.842033380489,394.6423722357904,4811.882733287669
273,ID180,A,2713.517822790973,396.51404528576376,6155.17613300228
274,ID847,C,2426.9831492378403,397.606799587897,-2020.996856389986
275,ID407,C,2358.590095947581,400.3862434001801,-1958.5679829831408
276,ID940,A,2896.911054448846,383.7029402197364,6775.686596266857
277,ID243,C,2965.0296705663527,408.65085564701025,-2550.5210890118237
278,ID920,A,2604.503224174621,414.9004520300383,5740.900657816408
279,ID979,A,2244.9528220371167,398.9362100898547,4744.554494747984
280,ID864,B,3161.3088302290116,422.81486268679646,6334.972899137634
281,ID896,C,2261.513145078159,414.21632949239427,-1849.743880536865
282,ID423,B,2581.1633065745013,381.1068931804259,5184.3686712665285
283,ID342,B,3127.5888683964668,386.4895873828004,6275.530950595228
284,ID841,B,2524.2748572209466,402.37385737937007,5033.984550725752
285,ID559,B,2370.274558107993,423.77152174230986,4729.769640381852
286,ID705,A,2340.299241170729,426.84633605231295,4881.799813793872
287,ID976,A,2908.6930583403787,391.0116650965676,6776.3708293541085
288,ID570,B,2540.9102846073924,409.4870041668828,5055.532871188313
289,ID715,C,2656.2803650521473,370.121726108072,-2267.4714763168863
290,ID518,B,2873.196249426547,411.82457753205694,5753.397130050609
291,ID722,A,2295.6166894614826,383.872051363516,4947.545287318579
292,ID205,B,2494.2719941423084,393.7992886401334,4994.656438966736
293,ID930,A,2603.9064439017416,398.82719137099883,5816.124435404486
294,ID736,C,2525.0585459617078,402.17163920877937,-2113.286863137432
295,ID510,B,2143.8131729894703,407.0619151909255,4314.578697014641
296,ID584,A,2186.767401760155,393.91468337968064,4602.793020335804
297,ID326,C,2469.811260201514,397.08010725988106,-2067.9749680489163
298,ID171,B,2882.3929001795705,392.39778918665877,5789.361825365726
299,ID253,A,2553.9721833694553,404.11660798801995,5644.755024359862
300,ID193,B,2532.472869556868,425.2337135308635,5079.387442578491
301,ID143,C,2479.345522369798,405.94478772782134,-2067.4084836752736
302,ID108,A,2384.9570994687338,394.06290611679754,5165.182836877314
303,ID661,C,2675.6711374381734,398.7820322905836,-2252.833010284646
304,ID927,B,2914.7560526318116,417.4001079541158,5829.427353033974
305,ID914,C,2452.694053239379,395.5238931221966,-2063.63880130454
306,ID981,B,1936.608141990656,424.9701767695176,3877.899271002643
307,ID331,A,2296.161073562877,407.86019326707304,4843.128712253102
308,ID548,C,2112.529563350121,385.51246541886866,-1722.9421087255303
309,ID517,A,2801.8857335714865,389.7780182932287,6463.644452722081
310,ID306,A,2676.353295040469,426.1635963843451,5901.138043270657
311,ID932,C,2326.396591472339,387.5157846966654,-1934.8672131417588
312,ID398,C,2294.8489455734743,399.87725240524423,-1903.634868749348
313,ID189,B,2628.07574242148,415.1913997453209,5246.262533821568
314,ID801,A,2432.7858078547415,424.36233544979285,5171.678413595874
315,ID179,B,2425.147983689936,422.6198229485493,4855.052142391878
316,ID538,A,2223.9482881183394,406.9801045682404,4626.369653586711
317,ID192,B,2806.269231668018,403.02519360357576,5622.042472066118
318,ID787,A,2518.652068297971,405.02645301469016,5539.635123896411
319,ID777,A,2508.65789313165,381.0091818992798,5626.121580063113
320,ID872,B,2102.2641310224058,407.0504565518391,4223.55691143659
321,ID388,B,2486.227106621386,413.4409262043307,4974.4380846041995
322,ID372,A,1873.3081770427643,406.46941691570885,3583.2669000085198
323,ID430,C,2913.6815522008087,375.90999164513926,-2540.0875189304575
324,ID229,B,2798.1976472515653,425.1377529789273,5607.823643994213
325,ID533,B,2320.30974070436,416.25424512758246,4633.276491891122
326,ID795,B,2414.8062909007303,416.0089783837114,4829.217561787754
327,ID870,A,2133.7287597723484,397.8990335333737,4413.855838478843
328,ID991,C,2811.216583004365,388.8607532191695,-2424.402885310853
329,ID645,B,2808.241668002419,394.79914873300646,5610.209105153768
330,ID703,B,1939.1928229326818,414.17254171715575,3880.9743123705675
331,ID828,A,2657.6089842660544,409.41006164214775,5925.872024046515
332,ID995,C,2840.514112877372,431.5135324436206,-2402.784680387058
333,ID558,A,2715.798224333184,401.267884316688,6147.346953535579
334,ID646,B,2161.237838393555,398.86920785915055,4349.47041323955
335,ID424,A,2033.6082664022815,399.90831966101706,4111.988959695786
336,ID493,C,2757.9243571457127,404.3443866611589,-2347.135268828946
337,ID731,B,2700.553624143789,392.1104891425596,5383.445685013687
338,ID856,C,2357.417449941449,406.9471241114955,-1958.275682929541
339,ID882,A,2316.018689610304,428.97066408314294,4790.472945682316
340,ID284,A,2313.8487919113195,393.15241642214534,4991.509334516173
341,ID534,B,2457.8016753951697,378.0353160646112,4907.881767322629
342,ID816,C,2872.473275898049,401.3813994564111,-2486.6759895217056
343,ID704,A,2542.1098151736182,419.6485823589317,5535.9207071095025
344,ID307,C,1820.0279569461968,373.5586903566417,-1441.0025261476774
345,ID389,A,2523.5674519097356,377.3772644264892,5697.936522656739
346,ID660,C,2353.3113585452925,369.3040629728616,-2003.483974903822
347,ID448,A,2740.071885076007,397.4168577348607,6237.803618995997
348,ID741,B,2219.8330862965813,413.73644483352604,4440.428532053592
349,ID669,B,2264.6533346477786,404.1633628102291,4520.197777635372
350,ID668,B,2741.9036090154455,395.8769005892875,5491.981087146523
351,ID519,A,3389.053303879098,381.43471179034526,8262.840359280019
352,ID997,B,2412.7404042471626,395.10308866604134,4812.889339970078
353,ID607,B,2279.495192820163,385.38230361532874,4544.394627729692
354,ID692,C,2241.5812988000494,373.2571622626906,-1882.7716122234974
355,ID458,B,2519.5277804191887,395.82486302660186,5038.889728340525
356,ID217,B,2161.226592939358,395.5201266568338,4313.862759274007
357,ID952,A,2643.2172400126565,389.9271603824765,5990.785526827752
358,ID587,B,2976.871369342691,381.8625804535085,5956.841728668291
359,ID530,C,2655.54227636041,409.27803624049636,-2249.263133468186
360,ID576,C,2507.873695543559,439.7171063989175,-2065.5643586962824
361,ID304,C,2263.708423901614,410.6271203330891,-1884.1991732785664
362,ID382,B,2498.9255449814364,385.2719900907837,4990.703457501776
363,ID649,C,2520.138435832838,381.39880538739726,-2117.6989288619043
364,ID838,B,2637.3092510676242,409.17029702660477,5283.124512124929
365,ID390,B,3430.4313756475512,396.7314226535996,6872.491674610053
366,ID815,B,1892.3153659506356,409.9636488016573,3795.3780376385826
367,ID682,C,1757.037009444787,408.368733911551,-1338.8002826066477
368,ID410,C,2117.0271106790315,435.4608708782778,-1696.7946898790753
369,ID444,B,2549.734790384712,406.8318619481472,5105.75683288554
370,ID379,A,2766.7517628355517,401.041059813356,6302.729924676544
371,ID851,A,2962.6467492655993,401.53558730533615,6887.419002367969
372,ID694,A,2981.3522585075134,383.5974507870285,7022.4249041935145
373,ID790,C,2308.9786221626237,400.4912557384071,-1904.331648415777
374,ID521,C,2308.5413723714464,383.1091987177644,-1933.2583509879303
375,ID563,A,2804.6432519147124,406.8476017737564,6390.466644350467
376,ID565,B,2303.7913495505654,407.0704515646424,4607.93628313698
377,ID590,A,2318.35230844175,410.5074459074095,4884.8615050182025
378,ID611,A,2423.6050488117967,422.7523359048582,5139.187181922151
379,ID504,B,2194.1557874341725,411.10987887077926,4408.451365208934
380,ID287,A,2400.0536133907194,386.7648557843652,5277.938502766198
381,ID490,A,2418.197520518026,411.3529144669834,5205.17883179104
382,ID738,B,2821.0645070204505,385.0425117271274,5644.284518014115
383,ID837,C,2616.1739765387233,388.6131735897218,-2236.318284931947
384,ID698,A,2761.434829905769,421.3558794222243,6173.459797756764
385,ID535,A,2155.8925541483186,395.3803997927954,4476.734284299913
386,ID919,C,2024.2654961356911,375.52531830453086,-1682.9821735730989
387,ID212,C,1626.3641429834959,373.010708432771,-1263.993898465628
388,ID897,C,2654.288498394534,405.8283424526396,-2251.900753494693
389,ID225,C,2386.4578598010585,387.59317773752434,-1996.553073868527
390,ID327,A,2716.6397142193705,367.6380608999194,6341.45196462308
391,ID734,B,3233.2042012161355,407.5094531312916,6435.798474001415
392,ID768,A,2155.2681707164534,427.4051830971246,4336.063625647643
393,ID487,A,2482.618379237763,367.0912329849901,5598.435525518421
394,ID625,C,2344.2542479757176,403.68322930520435,-1941.305420874824
395,ID674,C,2837.330829492207,396.39277952066624,-2441.456517676271
396,ID880,A,2822.9060121078764,397.2365870742815,6470.241648955376
397,ID344,B,2577.620252466589,394.4108298196054,5168.35980724858
398,ID190,B,2048.628378654235,407.61469486165515,4098.648592438369
399,ID380,A,1997.5900776745943,400.02290811140114,3998.6137381987824
400,ID351,C,2199.3561560235084,414.60552484153754,-1793.3554408635373
401,ID434,C,2444.2689062705235,395.50157628923813,-2039.7232617070586
402,ID650,C,2031.6868045139054,383.23710531469567,-1654.6829685754699
403,ID176,C,2751.5362083406726,387.16631275877137,-2366.409828920848
404,ID116,B,2545.1559018248763,384.78179031652763,5088.800435896428
405,ID610,B,2323.374928190639,391.5872971388381,4659.701828380966
406,ID947,C,2433.439568542844,396.88840830053374,-2044.3730101278275
407,ID371,C,2492.217563221991,389.98877118723254,-2083.160466081892
408,ID130,B,2167.5983774151096,390.9881771467101,4333.95271173745
409,ID454,C,2601.7881181334456,375.56067520695274,-2208.8982541593814
410,ID144,B,2354.4462499374195,395.1612811660717,4716.927284146538
411,ID746,B,2519.415326349454,390.85399228513523,5062.76858391856
412,ID312,A,2442.717292988788,396.6400658603657,5353.557096486525
413,ID394,B,2459.4622215174786,377.25141069931254,4923.925399801598
414,ID786,C,2075.428429774583,408.42855309011964,-1659.6911739315947
415,ID254,A,3074.5706174163515,393.0320171259439,7254.030383472074
416,ID942,A,2259.3347991974456,356.49890012904643,4982.114784846656
417,ID436,B,2463.936842297527,364.6111031341083,4932.595738102486
418,ID218,C,2501.640321183815,416.60631040752213,-2072.6982511604547
419,ID954,C,1943.4160993955693,420.06491269890233,-1512.0784576908318
420,ID186,B,2071.2150967064867,401.1751313946023,4138.633367622133
421,ID174,C,3152.443751685658,407.9066774817349,-2749.921900160556
422,ID778,A,2339.7568349834196,385.912548141126,5101.821872335706
423,ID452,B,1960.8643307866964,407.62484559525285,3908.405013263224
424,ID839,A,2553.0647998580757,405.3669726830745,5639.771738501643
425,ID200,B,3243.403802468764,400.81642740620623,6490.176008907918
426,ID712,B,2531.407612721349,382.84237182623366,5051.182119179178
427,ID112,B,2352.231538473737,436.167746071868,4714.264692035735
428,ID113,B,2312.821467962452,404.5400167713801,4604.246540921617
429,ID403,C,2449.5658511517554,376.4297314456466,-2087.4025679852534
430,ID934,A,2308.6734170672075,380.4960543685728,5039.199013272805
431,ID357,C,2804.754999984213,414.20588534704063,-2376.1636004593283
432,ID317,B,2278.1362420822957,403.4637599066798,4570.974095361072
433,ID965,B,2651.112460662661,409.8126153772376,5317.577212124618
434,ID557,C,2545.1241451829196,406.54732839908536,-2148.336953163257
435,ID766,A,2431.1015376847945,402.1728759091194,5281.385291294981
436,ID211,A,2116.4832626468633,407.2516541666457,4305.786976134784
437,ID230,B,2484.181816676129,401.97979918833886,4957.671145265072
438,ID912,A,2496.309139254538,397.42113899095136,5483.31705053177
439,ID970,A,2144.2558234098956,385.5809843498631,4496.086470288642
440,ID294,A,2272.7546261417338,382.5922425807749,4896.213379096224
441,ID204,A,2271.0038666216083,414.71169093992324,4738.872141343523
442,ID501,C,2466.8443555644803,371.1836715867675,-2089.021680295199
443,ID688,A,2766.9616944589616,392.45905565933214,6324.126623065142
444,ID159,A,2768.300422100365,411.26108569496535,6248.966892631312
445,ID977,C,2794.5113664953647,447.3047021021454,-2339.079390198497
446,ID653,C,2340.711897693859,424.15901990195806,-1915.0139677078391
447,ID286,C,2752.248884624511,376.7270856019598,-2363.841648582237
448,ID258,A,2469.0309611593298,391.13187022869687,5459.824402472189
449,ID739,C,2640.6199711194477,404.26583905502633,-2211.7880723856206
450,ID890,C,2250.583427010444,419.8371956455579,-1825.5663358346744
451,ID811,A,2281.791317547136,395.21496483282885,4892.204590526006
452,ID502,C,2433.430033175286,405.16638807382446,-2028.7544632887011
453,ID960,C,2946.719010366954,371.79875400326506,-2563.4713020690333
454,ID420,B,2906.352844175993,411.50849753033765,5815.063302779117
455,ID846,C,2686.5453649003216,398.2374534840123,-2266.990016853662
456,ID172,B,2856.573517645621,408.16749595092233,5731.6551788682755
457,ID292,A,2141.402916456833,405.10446402069226,4429.789877177532
458,ID117,B,2074.5628777355287,398.6749564625996,4144.037699025552
459,ID334,C,2683.0035802245457,378.63509694756954,-2290.316692376321
460,ID594,B,2998.8503033065163,391.6193138170364,6008.015010172524
461,ID887,B,2437.6638402438584,376.39008307962155,4863.812993467621
462,ID491,B,2721.813844215863,396.0848393202013,5441.035417098416
463,ID354,B,3044.214377783191,390.7118345311651,6089.074837716069
464,ID575,C,3026.87813224287,403.48142560876,-2625.9515498381447
465,ID146,C,2475.003367958351,406.1048716011307,-2064.734362963677
466,ID964,B,2105.159871665762,395.9038581136256,4208.583567547412
467,ID219,C,2800.031357210733,405.41385144434287,-2417.844278838573
468,ID484,B,2001.2150793802607,357.71662288529814,3988.2626243458044
469,ID971,B,2449.613643172087,384.7516564476728,4881.479256252005
470,ID295,C,2644.773228656586,395.79204797184315,-2256.0616748258326
471,ID826,B,2222.3718804563587,392.0948039241455,4444.841687560275
472,ID485,C,2926.280870252862,374.1520149844391,-2560.914965289681
473,ID614,A,2586.302708694763,406.3461240603421,5765.497933147795
474,ID721,C,2942.9428191606466,406.22287033940063,-2549.1633271168216
475,ID183,C,2151.6596383318665,395.9977698576374,-1767.9427119621582
476,ID428,A,2858.5314930596483,391.5747244349687,6619.16899140882
477,ID623,C,2331.8342316736466,404.79248639569886,-1944.355696956552
478,ID349,B,2633.096737515031,379.6294345662151,5270.740903902103
479,ID261,B,2839.9967364251725,408.88385141918576,5676.009484709702
480,ID402,C,2444.9479226738404,406.26010341804573,-2034.6815883124173
481,ID875,A,2363.340770093047,392.78472366630945,5139.503036004071
482,ID627,C,3058.663613606122,386.202302605134,-2658.4904778673617
483,ID477,C,2174.7384764421577,390.187853602046,-1757.113609813952
484,ID994,C,2198.2162211410046,394.72444834324386,-1831.257592620721
485,ID341,A,2392.3884716013504,406.0938495233566,5144.174104507841
486,ID177,C,2725.2588924099937,371.7348648459695,-2357.4505127379325
487,ID869,B,2305.048282884005,383.47822893180575,4612.529643292771
488,ID387,A,3119.708801753196,408.65668821832094,7324.661248308541
489,ID299,B,3131.659026640096,384.0119700280427,6256.889494956912
490,ID373,C,3033.73590087589,393.1291716517578,-2643.358173963215
491,ID397,B,2407.964005787178,439.83424867154145,4831.734866920949
492,ID336,C,2577.891939704385,398.1455436190408,-2188.44062154499
493,ID701,A,1935.1046276331774,392.95089984078226,3853.619157317367
494,ID529,C,2416.6424852526616,398.77410493819565,-2027.4120682604919
495,ID922,A,2891.509982022576,401.7468165509133,6656.980937075729
496,ID416,A,2830.3480784048506,387.53964566879984,6536.81307270227
497,ID281,B,2668.8942967516928,411.7105315698728,5339.800826332106
498,ID582,A,2120.2492073324897,410.52184222038284,4300.190587760595
499,ID209,B,2097.0994857819733,376.0505115189341,4205.213779870257
500,ID726,B,2368.13379393209,399.6675131611854,4735.201811638978
501,ID246,C,2008.8913874363063,373.6240398029204,-1631.8763710226149
502,ID226,B,2552.979373950458,367.5131244753031,5105.859015395261
503,ID464,A,2734.562489276364,388.6118169408118,6257.630924464778
504,ID119,B,2518.6468972081652,405.11888761851384,5028.205942907651
505,ID149,A,2448.8536584729286,388.28407672593374,5398.105320837994
506,ID214,C,2293.224888323331,425.84140216263194,-1879.6800343291197
507,ID324,A,2901.2533902302075,396.51301944881186,6720.162250637609
508,ID107,A,2599.0472030635365,390.13466403825055,5860.782223873648
509,ID600,A,2395.9660641956825,396.6669373246269,5210.965881221064
510,ID473,C,2688.8220986708793,393.0891350129379,-2278.1759039838385
511,ID339,C,2796.3429611779297,398.9643873681072,-2389.1588823551497
512,ID241,C,2449.816410220158,422.86174246523296,-2030.5820228896841
513,ID881,B,2629.3553440941914,387.9476744022496,5247.022682555281
514,ID998,A,2907.2358372451727,424.6750434679319,6601.76028210111
515,ID175,B,2473.032211459196,407.4413932058388,4956.147389659615
516,ID126,C,2450.3095085985615,375.46679778644557,-2082.7804388837226
517,ID822,C,2653.0858239445374,443.49857816858844,-2224.1031499828564
518,ID620,C,2473.5566706216064,385.5599234107331,-2093.5784693913097
519,ID568,A,2663.0904183444595,401.49670425116915,5962.92188148996
520,ID658,A,3058.8967236173185,369.7511651210785,7328.100819518205
521,ID302,A,2090.867270355167,397.65549227434724,4278.613870234585
522,ID203,C,2227.5666186032613,403.1402387677635,-1823.0898835172504
523,ID848,A,2218.5070483856084,411.97615996582056,4599.116583097362
524,ID774,B,2612.7475632100704,401.03328740511125,5215.17120727959
525,ID376,A,3132.3882325100344,399.06863611380055,7402.527867553432
526,ID601,A,2328.692133999891,439.5392515111986,4809.692211665047
527,ID657,A,2844.6865209325256,394.3335208565494,6570.652221750094
528,ID401,A,2363.828616505786,417.32092295387287,5001.5305912551585
529,ID235,A,2728.712867337097,419.10184534326856,6108.785239406671
530,ID233,B,2433.7826330342587,385.9969550440417,4864.848909371965
531,ID252,A,3107.1028225792397,387.756845127012,7396.329148445967
532,ID316,A,2514.8372616564766,387.38530481365746,5615.74073691979
533,ID296,C,2377.7934938401036,401.4974757675692,-1969.4871876489185
534,ID232,B,2905.885271076193,418.1255023223086,5809.578210063964
535,ID537,A,2530.563383736416,411.0036856685572,5539.6644188961745
536,ID702,C,2081.275876184355,402.45528850111305,-1694.2108833352536
537,ID596,A,2318.479379165358,389.0203699303304,5014.316803372881
538,ID962,A,2542.5056750340336,379.76038529522685,5729.919949127203
539,ID378,C,2389.7805689123384,398.1886406276298,-1988.9652187225568
540,ID762,C,2637.423653307128,409.83001376255675,-2241.865879838887
541,ID810,A,2152.025079966612,423.2548662667775,4329.622533796406
542,ID140,B,2112.79528422757,420.3383717565066,4236.685744153592
543,ID647,A,2194.527884923806,407.2885171027511,4569.38334613141
544,ID749,B,2481.0525397477995,416.28359666174055,4953.631958633193
545,ID395,B,2377.690297142244,410.6705315787508,4757.942212862102
546,ID358,C,2375.330012770768,396.86582664824033,-1981.316814040822
547,ID291,C,2727.068021944817,403.183229283305,-2324.353176751202
548,ID293,A,2743.352384521604,399.24104235448794,6235.332772842132
549,ID948,C,2504.887550015014,415.2689723157974,-2078.004409187357
550,ID222,A,2056.3260588782446,389.86242261427907,4218.032087577248
551,ID593,B,2776.5067746790564,409.6449393370809,5523.572362630172
552,ID383,A,2331.0929093396026,387.9142117633523,5047.143406905575
553,ID396,C,2672.5408949128514,422.8344259339639,-2249.791265769338
554,ID831,A,2191.7175313831704,403.38781437148305,4580.416844510251
555,ID599,C,2157.4498117484495,398.93430083301,-1776.1630225706303
556,ID350,A,2367.901631768876,408.48789647875566,5052.957636734298
557,ID453,A,2052.9634784065265,420.0974867125389,4062.890154886542
558,ID488,A,2427.413216490091,380.5793843963403,5382.3646124901925
559,ID525,B,2579.6079193850405,398.81789754349626,5178.410200913596
560,ID234,B,2273.71398180094,389.1989116567509,4534.3221960559395
561,ID352,C,2100.9118664260536,421.14505734324496,-1700.5712355340197
562,ID273,A,2630.7880337998763,386.60545469912825,5938.107423280868
563,ID921,C,2397.747356627661,383.91336080214774,-1998.3511046956223
564,ID683,B,2940.0440914514134,391.49758951682526,5865.54845832891
565,ID213,A,2143.9543330921792,376.3140698930684,4561.383832962044
566,ID681,C,2809.9261449969717,385.4091741971815,-2429.3989892294035
567,ID160,C,2537.8729002097607,406.843720697623,-2118.8502973828463
568,ID619,A,2616.4949706451325,400.1851451777774,5856.5613703132085
569,ID157,C,2260.0278811072817,392.21746231434724,-1852.441782850574
570,ID152,C,2878.640056369753,408.58328614976955,-2470.5707321174204
571,ID697,A,2472.269475313424,407.56146232511145,5374.4826802765565
572,ID369,A,2462.766400111541,440.05273989438035,5206.661544580181
573,ID725,B,2170.1081013434423,404.7101435275193,4344.956659245746
574,ID781,C,2369.8639380828467,397.37327999570255,-1985.1723815837806
575,ID761,C,2560.8997189195165,382.96420112734245,-2179.4107452306084
576,ID505,A,1737.734791660234,429.4689202104852,3069.88606674744
577,ID109,C,2811.968441842111,392.50602881525657,-2424.5357159961823
578,ID242,C,2406.3147222040175,402.66115033478326,-1995.6999273215647
579,ID724,B,2385.725503448313,409.81814695382946,4756.430631892427
580,ID227,B,2917.0193578741105,389.05080649640126,5836.0287243116745
581,ID664,C,2626.3647939154325,388.2701996550087,-2228.9940326467204
582,ID196,A,2601.573064092953,432.0017082155257,5648.47880405859
583,ID362,C,2755.949311335085,420.57082400926316,-2317.1583439197593
584,ID633,B,2403.1463374490663,415.9919857008064,4797.503648131303
585,ID468,C,2278.2264538244935,404.5692142293906,-1867.4121032709033
586,ID526,A,2542.2702214650258,371.8988052954385,5760.498172672846
587,ID990,B,2358.467753057826,389.70804787198847,4707.3963198334895
588,ID274,A,2447.7099769193687,393.1503433391781,5364.808230608546
589,ID248,C,2307.178743442182,380.4209387790828,-1927.4532943057186
590,ID208,A,2409.511131239886,413.2768546366986,5165.939615870834
591,ID879,C,2119.9175643351577,421.34010245798214,-1717.2023708788952
592,ID338,B,2255.715125695929,413.6441950129765,4528.925568015616
593,ID931,C,2126.21887675555,373.637551114982,-1738.851927185463
594,ID405,C,2670.311288435913,426.24497538497826,-2233.523475790671
595,ID966,C,2565.8226076925316,388.65496588920723,-2192.0437775328483
596,ID819,B,2801.9482480148954,406.03610190263447,5602.888657570038
597,ID552,A,2366.8650150885587,400.32160288597817,5084.63650063621
598,ID483,C,2300.378930904317,390.75979664248376,-1881.8836589097632
599,ID756,B,2446.5167848648694,397.0356945853909,4887.409759029378
600,ID320,A,2514.6878762521815,401.8792515161857,5529.946122622455
601,ID571,C,2384.683382243716,388.03142531241355,-2001.974306776219
602,ID547,B,2625.213671970944,399.74158008235514,5248.901882692847
603,ID467,C,2785.238110053576,416.46910249231996,-2363.385201211285
604,ID717,B,2546.2630607389538,414.1577434013353,5092.042503205493
605,ID899,B,2361.929507520358,417.3726851966839,4718.948229007121
606,ID770,A,2445.602031649785,401.5080414229598,5313.256817326617
607,ID784,A,2679.67860348278,404.1306463116797,6014.031983025565
608,ID102,C,3046.997105891997,412.52434494162287,-2626.8382450597965
609,ID750,B,3192.953543979931,362.1825946647232,6384.99280911739
610,ID888,A,2417.225415612532,374.22677706477634,5369.590755630874
611,ID605,C,2538.476517450778,401.7828768804922,-2129.786927856086
612,ID830,C,2848.707979616333,389.2717801031506,-2470.567131743635
613,ID573,C,2747.1623689183275,399.0031011332,-2365.7807713614548
614,ID996,C,2602.805900036516,405.0558825969103,-2210.7566219094874
615,ID198,C,2407.053028579087,401.13605652767023,-2007.2395295745205
616,ID967,C,2967.030987504082,379.45755365099956,-2566.7152494617403
617,ID615,C,1900.3924531436935,385.9680265143204,-1516.9715509391904
618,ID699,B,2171.6196523087383,379.8755725144404,4342.710858626803
619,ID479,C,2634.713775043787,416.1124516908838,-2197.2021393326577
620,ID618,B,2676.1529672139914,380.33367040886003,5331.285439598274
621,ID129,C,2198.7103945430686,403.2056225274426,-1776.3025038121086
622,ID167,A,2724.206112123276,392.3005165086489,6190.598614967779
623,ID220,C,2610.8380521823483,389.0529651877199,-2219.683349599056
624,ID158,B,1825.8703286929563,404.9920388129752,3653.1352301486663
625,ID663,A,2306.547816740063,360.00360920554306,5116.3654905705735
626,ID886,C,2436.591918498123,374.4160338955723,-2056.517548863764
627,ID754,A,2403.622336942654,404.6783395650097,5194.745655287433
628,ID684,B,2592.1191028220774,365.18255442672864,5193.667682554508
629,ID676,A,2336.3701374230022,401.64483055903287,4991.857949643925
630,ID522,A,3004.1438373965,410.37297469810756,6961.367688605049
631,ID546,A,2300.2462373910466,408.52369536916535,4875.041588940381
632,ID185,B,2232.8657086961366,404.8170056705735,4468.945969050866
633,ID716,C,2007.9407408613731,397.5744162606759,-1624.3394971272871
634,ID262,C,2374.60418277482,425.3111423918519,-1951.6374914945834
635,ID918,C,2372.1171710433846,421.6452037659133,-1916.0767065049222
636,ID874,B,2251.596571657687,402.60875902886886,4498.144716819789
637,ID895,B,2512.006558855584,406.7530057796007,5019.298100414952
638,ID904,C,2464.8895994588624,411.70051861997894,-2040.1289683119621
639,ID742,C,2133.025728045008,400.2880935134081,-1736.688315562958
640,ID135,B,2730.1297838206638,381.22465597288067,5445.483646221241
641,ID553,C,3239.334445090981,408.8950248065876,-2819.8491312346887
642,ID303,A,2354.1843996046814,415.61380368315037,4981.177646028026
643,ID868,B,3071.1639290309736,381.3782588464788,6128.573909082716
644,ID276,C,2837.4755957422312,405.0192490413056,-2451.6213111200072
645,ID250,C,2765.941734336484,386.72442678396897,-2362.101634552539
646,ID863,C,2564.1710342537076,417.9615265571851,-2141.5544754796433
647,ID908,A,2507.42165898267,384.6385400290218,5609.367607234644
648,ID103,C,2434.958246136327,398.1267493352089,-2038.5482233503174
649,ID989,B,2524.6396463900546,407.1838423915942,5061.675694729384
650,ID945,C,2462.887619809143,378.325363506685,-2072.179023817731
651,ID288,A,2738.7771137415602,393.7505071893211,6277.751128590078
652,ID637,C,2534.059925017193,406.31333611110665,-2112.4144714284425
653,ID773,B,2487.406012979657,386.799557117945,4969.256003242255
654,ID630,C,2557.748349522578,388.2109651270592,-2155.0994516168566
655,ID714,A,2500.3689380182827,401.5196729209641,5495.521850065071
656,ID364,B,2111.1003097794483,405.92827494585816,4220.828523807494
657,ID693,A,2201.490991115775,391.573884409766,4635.28445894453
658,ID917,C,2621.7639405494,383.6998196526742,-2232.062188243598
659,ID972,A,2586.6467355535938,417.8953461223622,5673.282532123987
660,ID539,C,3069.5833792027374,400.8418720809711,-2656.0360092205938
661,ID168,B,2696.4644913084476,398.19840958585996,5413.798338990675
662,ID178,A,2562.6443045983374,418.3364271107134,5610.95818220863
663,ID415,C,2419.5918890197822,393.364311649425,-2012.705817223346
664,ID343,A,2197.44071110932,391.2367967645965,4655.472928067235
665,ID332,C,2553.8781806158295,395.80215305152586,-2156.7011302290794
666,ID399,B,2714.0420858181496,407.71273373373856,5436.609836416718
667,ID589,B,1860.0042245600587,387.6037014726169,3719.0512899478244
668,ID598,B,2749.1318965548317,402.2492231823676,5513.282570065884
669,ID348,B,2364.3426602539485,391.20448405285646,4739.739706083717
670,ID184,C,2458.3799179643866,399.3148947563293,-2055.6446970223315
671,ID506,A,2716.133238135464,386.0103711860831,6227.276908232373
672,ID255,B,2546.0991489542102,411.25472002635115,5092.743766928145
673,ID728,C,2270.5921318220003,407.1396995308772,-1867.822805600426
674,ID314,C,2162.8410329878975,401.82162698603975,-1758.5520526008675
675,ID814,B,2468.6170286178726,400.1176540239486,4931.218522917057
676,ID347,C,2446.8639965734906,399.4138667665039,-2039.3186890977736
677,ID173,B,2311.914481850935,397.93669635629266,4626.197517741849
678,ID224,A,2467.6168240682773,404.8159375895652,5348.721575448057
679,ID602,C,2163.045072583649,414.8478980012684,-1738.9386959198678
680,ID569,B,2420.1346984270995,426.7083254770549,4841.174254626864
681,ID437,B,2208.441645587861,400.8266337006347,4393.999442455781
682,ID567,B,2661.755346020176,420.8607101725026,5334.340197440206
683,ID953,A,2325.310692331569,396.47008044660663,4993.201176937141
684,ID440,A,2618.2634916487873,402.4849166175669,5846.610672815414
685,ID859,A,2625.087720181451,413.4626427111975,5801.388853777504
686,ID321,C,2820.8882966922674,381.7403271200509,-2463.7440433583415
687,ID898,A,2415.3731459886963,379.10497987325255,5344.369722191232
688,ID367,C,2838.4985864530827,388.1335738945196,-2448.151819625083
689,ID673,A,2249.9938011955583,399.1163211782592,4779.279956924288
690,ID679,A,2304.542884007076,428.04729997719966,4761.318463981074
691,ID318,A,2515.827060692603,401.56288850042085,5559.12542949334
692,ID481,A,2463.523655530381,376.18892875181473,5530.91135564903
693,ID283,B,2250.731426712079,422.91688505757077,4505.963075232666
694,ID835,C,2363.6431754801765,389.64411614614284,-1983.0352734162354
695,ID275,B,2334.68607980762,386.61582148554095,4693.392237721044
696,ID578,B,2564.7775345114355,442.1149463166359,5130.210371790945
697,ID137,C,2130.8407370601676,424.0036360506485,-1707.5195688715548
698,ID482,B,2571.2219415273335,394.75296774377574,5156.816928262317
699,ID853,C,3067.70011411198,407.174637002832,-2649.3457928495895
700,ID720,C,2691.8951147864896,400.1980994325064,-2275.965820949243
701,ID513,B,2688.0217038296464,372.72372354311875,5384.060030067489
702,ID608,C,2746.4023374224635,386.4039832092439,-2371.0825694346854
703,ID798,C,2388.0179426749473,405.3037202201356,-1971.03699591036
704,ID460,B,2838.5921513972726,421.38614862894576,5690.396107416924
705,ID360,A,2345.4826741825927,399.9566833021363,5055.757703529428
706,ID635,B,2311.190722825892,397.7199758532428,4649.612720577903
707,ID916,A,2807.050670158309,385.5560530330883,6498.893605405018
708,ID730,C,2631.463761291076,406.6506436198219,-2216.4453912283866
709,ID550,A,2779.2829841364596,401.8226017253289,6336.90783890567
710,ID325,C,2944.9383171365657,423.05626347233783,-2510.2376701291046
711,ID272,C,2208.434404938931,409.17771993121517,-1796.652522657198
712,ID604,A,2765.8150655936865,411.0773998640837,6225.733146137098
713,ID631,B,2651.9658514887838,386.4156792537654,5300.626989279155
714,ID166,B,2857.201831330737,387.1472635049298,5712.675581086803
715,ID924,B,2590.7968592551697,381.8849710847104,5174.554576902866
716,ID515,C,2112.2978904653155,391.9842603096333,-1719.0770098966427
717,ID536,A,2486.9884792058465,394.8592706339752,5490.197738889156
718,ID393,B,2120.6336418958886,408.2392228752614,4255.021680408521
719,ID335,B,2513.114047561354,408.12624568713665,5033.47862072109
720,ID181,C,2372.986121226407,394.54656440953033,-1996.8965255199232
721,ID475,C,1921.3352964263536,404.9523143012682,-1526.1787667602107
722,ID267,B,2736.124440587422,419.5203145845485,5486.392373007276
723,ID445,A,2319.7874753488454,401.772284933819,4970.720415709045
724,ID239,C,2706.128796055545,369.4936678347729,-2316.684500771864
725,ID592,A,2742.101377377115,406.1970595993666,6196.022305692442
726,ID968,C,2156.2078418193205,382.0695370789338,-1760.6268868364436
727,ID492,A,2797.322837171835,379.68248610554025,6496.637403408994
728,ID729,B,2403.357343314582,405.08051521618097,4812.964934766207
729,ID206,C,2320.6525201156983,430.6076911325064,-1882.618070864088
730,ID422,B,2775.7568856924213,403.47883974006584,5541.2736475943475
731,ID278,B,2886.3642060827315,417.2487490127984,5778.523232383633
732,ID298,C,2360.28095318331,418.6864586716737,-1950.687651433397
733,ID780,A,2470.266055807509,410.51167686042334,5349.136769571043
734,ID961,A,3203.091691551481,399.7803038038031,7618.4112849614485
735,ID711,C,2792.4010847546515,396.3458992198172,-2395.8543029884877
736,ID752,B,2514.4799905486193,389.5556915734804,5024.159255895207
737,ID279,B,2891.2635319167816,360.09097159883584,5786.799380182547
738,ID391,C,2551.982153686417,393.64352512169455,-2147.3589863976817
739,ID141,C,2994.945645411129,373.0850109904778,-2623.285703176772
740,ID156,B,3116.7184343377858,406.34546675772106,6253.422599380204
741,ID105,B,2289.0095782741373,376.3632369739561,4588.384419763123
742,ID791,A,2441.8298793194513,384.17671431356274,5393.5761286547595
743,ID709,B,2633.2331410343436,394.4138070100029,5298.885169983455
744,ID100,B,2730.9700909420035,411.0510706407074,5464.356406399888
745,ID905,C,2369.36657726952,397.86258368332483,-1968.653261807994
746,ID808,C,2346.979252128155,403.34883494241967,-1949.569306685413
747,ID139,A,2783.7832993421016,388.87442597331585,6410.47427502584
748,ID708,C,2512.2834167679093,374.0847950380028,-2120.1800537333743
749,ID147,C,3031.685688484971,427.7171836226079,-2625.5029270634814
750,ID470,B,2329.9508596967294,371.0293021737076,4648.5649539197575
751,ID974,A,2432.3114021707647,400.58315426740353,5275.487250001186
752,ID713,B,2874.9089265690463,394.8425930481373,5737.610727645227
753,ID197,B,2701.7086740976565,385.4813321166601,5405.261709857337
754,ID381,B,1969.263633302137,395.5120649164241,3925.105906504786
755,ID269,A,1596.9758434008195,398.6900077593627,2809.7930558229896
756,ID935,C,2084.403473080253,403.1898517284093,-1667.4798763412023
757,ID685,A,2557.8598376071013,421.2463710391611,5560.717315408956
758,ID861,A,2784.603433130813,405.4197956869644,6322.866882708139
759,ID263,A,2015.713903364418,387.7155229586732,4096.5042715055
760,ID866,B,2133.640854734471,417.51743141496615,4264.67502334301
761,ID311,B,3024.120015585872,435.10027480390977,6044.744150258916
762,ID655,B,2662.6790846617523,365.45314759769235,5326.679901060235
763,ID727,A,2198.238224593828,422.4441088500095,4500.8020951129665
764,ID340,A,3169.4332548395855,386.46190750560993,7578.17164672975
765,ID431,A,2384.9490020568624,414.59233222662056,5084.308890997899
766,ID414,A,2342.973193546887,398.77961768132786,5022.455875324404
767,ID202,C,2634.9467544068734,410.5437628558107,-2240.2385892279876
768,ID796,B,2641.1987172252284,403.18595532986797,5278.443723346473
769,ID122,B,2519.701944122861,405.6884592813807,5036.069467974451
770,ID329,C,2398.133937935927,381.3015083290927,-2024.0971394905812
771,ID128,C,2802.7067002100466,393.0941733849168,-2404.160483134853
772,ID498,A,2302.9445264318106,386.50821267260113,5003.618406008189
773,ID829,C,2976.9499564798857,388.72345082931724,-2610.233370466713
774,ID670,A,2365.9766730959295,381.99820404938305,5183.36843550698
775,ID562,C,2464.387694465727,363.76936270660497,-2101.378851287166
776,ID545,B,2535.9913362908587,369.00035206571977,5075.739998772656
777,ID386,B,2910.2371804004206,407.80505225827113,5828.430649378944
778,ID854,C,2622.0317346004294,410.8065950471646,-2216.506244863278
779,ID944,B,2780.8011975155923,415.2430464341209,5560.101451818124
780,ID581,C,2271.1916369054456,425.31405308829136,-1803.1640878927033
781,ID404,C,2509.6063945911296,388.5455492984326,-2114.916722510376
782,ID871,B,2743.7249009781785,403.0136474533238,5497.278579633444
783,ID215,C,2773.9072942257058,394.9776874596671,-2391.2615158720287
784,ID956,C,2411.4384791658435,411.1464903638063,-2001.6480966752981
785,ID496,A,2982.4646773935183,358.21376493150024,7153.43121191166
786,ID648,A,2685.834376226769,400.07275235696835,6043.415630467492
787,ID579,A,2816.3888935896903,406.3852383655604,6401.542398240378
788,ID901,C,2394.8703194165296,376.15078463261204,-2019.981504834137
789,ID439,C,2416.5077860543524,403.549565688051,-2019.3061271770716
790,ID751,B,2631.420269056776,401.3177298136515,5267.772843784637
791,ID527,B,2454.4312534921755,437.4549124292186,4906.200264188506
792,ID758,C,3130.6896805910674,396.49587194136376,-2706.6551838882574
793,ID865,B,2948.3234501489596,376.56139420609577,5893.839233710092
794,ID574,C,2541.983376921177,414.8896513603589,-2143.1676650300997
795,ID155,B,2134.466756118763,381.7264145491778,4280.025828053889
796,ID509,A,2536.1648396483242,373.4745346545742,5737.426440965732
797,ID595,A,2564.7640923955687,370.5280021534378,5838.679624284983
798,ID355,A,2739.4345109708456,374.44424315987453,6326.617196136215
799,ID277,B,3205.9905964936565,399.461397447119,6426.188474149956
